{
  "feature_count": 95,
  "row_count": 6819,
  "features": {
    "ROA(C) before interest and depreciation before interest": {
      "mean": 0.5051796332417815,
      "std": 0.06068563875428444,
      "min": 0.0,
      "max": 1.0
    },
    "ROA(A) before interest and % after tax": {
      "mean": 0.5586249158750463,
      "std": 0.06562003103170726,
      "min": 0.0,
      "max": 1.0
    },
    "ROA(B) before interest and depreciation after tax": {
      "mean": 0.5535887093516657,
      "std": 0.06159480929187566,
      "min": 0.0,
      "max": 1.0
    },
    "Operating Gross Margin": {
      "mean": 0.6079480383703836,
      "std": 0.01693381254822146,
      "min": 0.0,
      "max": 1.0
    },
    "Realized Sales Gross Margin": {
      "mean": 0.6079294691769791,
      "std": 0.01691607005567578,
      "min": 0.0,
      "max": 1.0
    },
    "Operating Profit Rate": {
      "mean": 0.9987551277900442,
      "std": 0.013010025092984125,
      "min": 0.0,
      "max": 1.0
    },
    "Pre-tax net Interest Rate": {
      "mean": 0.7971897524712905,
      "std": 0.012868988419884597,
      "min": 0.0,
      "max": 1.0
    },
    "After-tax net Interest Rate": {
      "mean": 0.8090835935135348,
      "std": 0.013600653945149043,
      "min": 0.0,
      "max": 1.0
    },
    "Non-industry income and expenditure/revenue": {
      "mean": 0.303622923649734,
      "std": 0.011163439838128548,
      "min": 0.0,
      "max": 1.0
    },
    "Continuous interest rate (after tax)": {
      "mean": 0.7813814325261418,
      "std": 0.012679004028913246,
      "min": 0.0,
      "max": 1.0
    },
    "Operating Expense Rate": {
      "mean": 1995347312.8028853,
      "std": 3237683890.5223837,
      "min": 0.0,
      "max": 9990000000.0
    },
    "Research and development expense rate": {
      "mean": 1950427306.0568295,
      "std": 2598291553.9983206,
      "min": 0.0,
      "max": 9980000000.0
    },
    "Cash flow rate": {
      "mean": 0.4674311857796612,
      "std": 0.017035517308785362,
      "min": 0.0,
      "max": 1.0
    },
    "Interest-bearing debt interest rate": {
      "mean": 16448012.905942537,
      "std": 108275033.532824,
      "min": 0.0,
      "max": 990000000.0
    },
    "Tax rate (A)": {
      "mean": 0.11500074794142427,
      "std": 0.13866749672835132,
      "min": 0.0,
      "max": 1.0
    },
    "Net Value Per Share (B)": {
      "mean": 0.19066057949747392,
      "std": 0.033389768351330985,
      "min": 0.0,
      "max": 1.0
    },
    "Net Value Per Share (A)": {
      "mean": 0.19063317896774643,
      "std": 0.033473514172429,
      "min": 0.0,
      "max": 1.0
    },
    "Net Value Per Share (C)": {
      "mean": 0.1906723702531618,
      "std": 0.03348013767040907,
      "min": 0.0,
      "max": 1.0
    },
    "Persistent EPS in the Last Four Seasons": {
      "mean": 0.22881285256452782,
      "std": 0.03326261307597689,
      "min": 0.0,
      "max": 1.0
    },
    "Cash Flow Per Share": {
      "mean": 0.32348191216983224,
      "std": 0.01761091295834377,
      "min": 0.0,
      "max": 1.0
    },
    "Revenue Per Share (Yuan \u00a5)": {
      "mean": 1328640.6020960682,
      "std": 51707089.76790663,
      "min": 0.0,
      "max": 3020000000.0
    },
    "Operating Profit Per Share (Yuan \u00a5)": {
      "mean": 0.10909073887546925,
      "std": 0.027942244774416095,
      "min": 0.0,
      "max": 1.0
    },
    "Per Share Net profit before tax (Yuan \u00a5)": {
      "mean": 0.18436057764203345,
      "std": 0.03318020898090537,
      "min": 0.0,
      "max": 1.0
    },
    "Realized Sales Gross Profit Growth Rate": {
      "mean": 0.02240785447416587,
      "std": 0.012079270152911608,
      "min": 0.0,
      "max": 1.0
    },
    "Operating Profit Growth Rate": {
      "mean": 0.8479799951688084,
      "std": 0.010752477405401351,
      "min": 0.0,
      "max": 1.0
    },
    "After-tax Net Profit Growth Rate": {
      "mean": 0.6891461185681318,
      "std": 0.013853022260934765,
      "min": 0.0,
      "max": 1.0
    },
    "Regular Net Profit Growth Rate": {
      "mean": 0.6891500117795616,
      "std": 0.0139102834140106,
      "min": 0.0,
      "max": 1.0
    },
    "Continuous Net Profit Growth Rate": {
      "mean": 0.21763901299696697,
      "std": 0.01006296314611611,
      "min": 0.0,
      "max": 1.0
    },
    "Total Asset Growth Rate": {
      "mean": 5508096595.248749,
      "std": 2897717771.1697035,
      "min": 0.0,
      "max": 9990000000.0
    },
    "Net Value Growth Rate": {
      "mean": 1566212.055241067,
      "std": 114159389.51834548,
      "min": 0.0,
      "max": 9330000000.0
    },
    "Total Asset Return Growth Rate Ratio": {
      "mean": 0.2642475118758414,
      "std": 0.009634208862611605,
      "min": 0.0,
      "max": 1.0
    },
    "Cash Reinvestment %": {
      "mean": 0.37967667232266245,
      "std": 0.020736565809616806,
      "min": 0.0,
      "max": 1.0
    },
    "Current Ratio": {
      "mean": 403284.954244977,
      "std": 33302155.825480215,
      "min": 0.0,
      "max": 2750000000.0
    },
    "Quick Ratio": {
      "mean": 8376594.819684891,
      "std": 244684748.44687235,
      "min": 0.0,
      "max": 9230000000.0
    },
    "Interest Expense Ratio": {
      "mean": 0.6309910117124214,
      "std": 0.011238461504050156,
      "min": 0.0,
      "max": 1.0
    },
    "Total debt/Total net worth": {
      "mean": 4416336.714259365,
      "std": 168406905.28151134,
      "min": 0.0,
      "max": 9940000000.0
    },
    "Debt ratio %": {
      "mean": 0.11317708497306007,
      "std": 0.05392030606308283,
      "min": 0.0,
      "max": 1.0
    },
    "Net worth/Assets": {
      "mean": 0.8868229150269401,
      "std": 0.05392030606308284,
      "min": 0.0,
      "max": 1.0
    },
    "Long-term fund suitability ratio (A)": {
      "mean": 0.00878273381503679,
      "std": 0.028152926049290605,
      "min": 0.0,
      "max": 1.0
    },
    "Borrowing dependency": {
      "mean": 0.37465429459872324,
      "std": 0.016286163355500444,
      "min": 0.0,
      "max": 1.0
    },
    "Contingent liabilities/Net worth": {
      "mean": 0.0059682772664790325,
      "std": 0.012188361875857312,
      "min": 0.0,
      "max": 1.0
    },
    "Operating profit/Paid-in capital": {
      "mean": 0.10897668140338518,
      "std": 0.02778168598564047,
      "min": 0.0,
      "max": 1.0
    },
    "Net profit before tax/Paid-in capital": {
      "mean": 0.18271502907673604,
      "std": 0.030784771508309793,
      "min": 0.0,
      "max": 1.0
    },
    "Inventory and accounts receivable/Net value": {
      "mean": 0.40245933052066923,
      "std": 0.013324079587932275,
      "min": 0.0,
      "max": 1.0
    },
    "Total Asset Turnover": {
      "mean": 0.14160561602172958,
      "std": 0.1011449684929233,
      "min": 0.0,
      "max": 1.0
    },
    "Accounts Receivable Turnover": {
      "mean": 12789705.237553563,
      "std": 278259836.9840667,
      "min": 0.0,
      "max": 9740000000.0
    },
    "Average Collection Days": {
      "mean": 9826220.861191595,
      "std": 256358895.70533204,
      "min": 0.0,
      "max": 9730000000.0
    },
    "Inventory Turnover Rate (times)": {
      "mean": 2149106056.607619,
      "std": 3247967014.047812,
      "min": 0.0,
      "max": 9990000000.0
    },
    "Fixed Assets Turnover Frequency": {
      "mean": 1008595981.8175156,
      "std": 2477557316.9201517,
      "min": 0.0,
      "max": 9990000000.0
    },
    "Net Worth Turnover Rate (times)": {
      "mean": 0.038595054614951586,
      "std": 0.036680343560413615,
      "min": 0.0,
      "max": 1.0
    },
    "Revenue per person": {
      "mean": 2325854.266358276,
      "std": 136632654.3899363,
      "min": 0.0,
      "max": 8810000000.0
    },
    "Operating profit per person": {
      "mean": 0.40067101508133507,
      "std": 0.032720144194699534,
      "min": 0.0,
      "max": 1.0
    },
    "Allocation rate per person": {
      "mean": 11255785.321742088,